{
  "timestamp": "2025-04-14T23:18:34.274687",
  "current_key": 56539106072908298546665520023773392506479484700019806659891398441363930575,
  "current_key_hex": "0x20000000000000000000000000000000000000000000000000000000017dcf",
  "total_attempts": 907185,
  "matches_found": 0,
  "elapsed_time": 317.58792304992676,
  "attack_settings": {
    "attack_mode": "Puzzle",
    "address_format": "P2PKH",
    "min_balance": 0.0,
    "start_key": 266575,
    "batch_size": 4096,
    "puzzle_level": 28
  },
  "address_format": "P2PKH",
  "min_balance_threshold": 0.0
}